titulo;price;price_less;url_img;url;category
Banana a granel 1 Kg aprox;1,45 EUR;1,09 EUR;https://static.carrefour.es/hd_280x_/img_pim_food/035834_00_1.jpg;https://www.carrefour.es/supermercado/banana-a-granel-1-kg-aprox/R-529921745/p?prtId=cat20002;1
Fresón tarrina 500 g;3,19 EUR;1,29 EUR;https://static.carrefour.es/hd_280x_/img_pim_food/035923_00_1.jpg;https://www.carrefour.es/supermercado/freson-tarrina-500-g/R-521032196/p?prtId=cat20002;1
Tomate ensalada 1 kg aprox;2,55 EUR;1,99 EUR;https://static.carrefour.es/hd_280x_/img_pim_food/050265_00_1.jpg;https://www.carrefour.es/supermercado/tomate-ensalada-1-kg-aprox/R-530067024/p?prtId=cat20002;1
Espárrago verde manojo de 300 g;2,49 EUR;1,89 EUR;https://static.carrefour.es/hd_280x_/img_pim_food/092834_00_1.jpg;https://www.carrefour.es/supermercado/esparrago-verde-manojo-de-300-g/R-694303869/p?prtId=cat20002;1
Pimiento verde lamuyo  granel 1 Kg aprox;2,29 EUR;1,89 EUR;https://static.carrefour.es/hd_280x_/img_pim_food/050236_00_1.jpg;https://www.carrefour.es/supermercado/pimiento-verde-lamuyo-granel-1-kg-aprox/R-548801612/p?prtId=cat20002;1
Lubina 600 g aprox;5,04 EUR;4,67 EUR;https://static.carrefour.es/hd_280x_/img_pim_food/301585_00_1.jpg;https://www.carrefour.es/supermercado/lubina-600-g-aprox-carrefour/R-790212148/p?prtId=cat20002;1
Pechuga de pollo Carrefour 1,2 kg aprox;6,83 EUR;6,59 EUR;https://static.carrefour.es/hd_280x_/img_pim_food/961474_00_1.jpg;https://www.carrefour.es/supermercado/pechuga-de-pollo-carrefour-1-2-kg-aprox-carrefour/R-827513087/p?prtId=cat20002;1
Mango Carrefour a granel 1 kg aprox;2,55 EUR;2,29 EUR;https://static.carrefour.es/hd_280x_/img_pim_food/430552_00_1.jpg;https://www.carrefour.es/supermercado/mango-carrefour-a-granel-1-kg-aprox-carrefour/R-VC4AECOMM-430552/p?prtId=cat20002;1
Manzana fuji Carrefour a granel 1 kg aprox;2,19 EUR;1,85 EUR;https://static.carrefour.es/hd_280x_/img_pim_food/094467_00_1.jpg;https://www.carrefour.es/supermercado/manzana-fuji-carrefour-a-granel-1-kg-aprox-carrefour/R-VC4AECOMM-094467/p?prtId=cat20002;1
Solomillo de pavo 750 g aprox;6,11 EUR;5,99 EUR;https://static.carrefour.es/hd_280x_/img_pim_food/039639_00_1.jpg;https://www.carrefour.es/supermercado/solomillo-de-pavo-750-g-aprox-carrefour/R-prod920183/p?prtId=cat20002;1
Kiwi Zespri 1 kg aprox;4,99 EUR;3,99 EUR;https://static.carrefour.es/hd_280x_/img_pim_food/243817_00_1.jpg;https://www.carrefour.es/supermercado/kiwi-zespri-1-kg-aprox/R-719618129/p?prtId=cat20002;1
Queso fresco Original Burgo de Arias pack de 6 unidades de 72 g.;5,43 EUR;3,59 EUR;https://static.carrefour.es/hd_280x_/img_pim_food/523717_00_1.jpg;https://www.carrefour.es/supermercado/queso-fresco-original-burgo-de-arias-pack-de-6-unidades-de-72-g-burgo-de-arias/R-521030543/p?prtId=cat20002;1
Contramuslo de pollo Carrefour 1,2 kg aprox;5,46 EUR;5,03 EUR;https://static.carrefour.es/hd_280x_/img_pim_food/961476_00_1.jpg;https://www.carrefour.es/supermercado/contramuslo-de-pollo-carrefour-1-2-kg-aprox-carrefour/R-prod68072/p?prtId=cat20002;1
Alas de pollo Carrefour 1,4 kg aprox;6,09 EUR;5,87 EUR;https://static.carrefour.es/hd_280x_/img_pim_food/962342_00_1.jpg;https://www.carrefour.es/supermercado/alas-de-pollo-carrefour-1-4-kg-aprox-carrefour/R-830700190/p?prtId=cat20002;1
Filete 1ªA Tapa o Contra de Añojo Calidad y Origen Carrefour 500 g aprox;7,47 EUR;6,47 EUR;https://static.carrefour.es/hd_280x_/img_pim_food/842659_00_1.jpg;https://www.carrefour.es/supermercado/filete-1-a-tapa-o-contra-de-anojo-calidad-y-origen-carrefour-500-g-aprox-cyo/R-prod840024/p?prtId=cat20002;1
Queso de Mezcla Viejo Tostado Legio cuña de 250 g;4,49 EUR;2,99 EUR;https://static.carrefour.es/hd_280x_/img_pim_food/688256_00_1.jpg;https://www.carrefour.es/supermercado/queso-de-mezcla-viejo-tostado-legio-cuna-de-250-g-legio/R-VC4AECOMM-688256/p?prtId=cat20002;1
Queso fresco desnatado Burgo de Arias pack de 6 unidades de 72 g.;5,43 EUR;3,59 EUR;https://static.carrefour.es/hd_280x_/img_pim_food/586812_00_1.jpg;https://www.carrefour.es/supermercado/queso-fresco-desnatado-burgo-de-arias-pack-de-6-unidades-de-72-g-burgo-de-arias/R-526501342/p?prtId=cat20002;1
Filete 1ª A de tapa o Contra de añojo Círculo de Calidad 550 g aprox;8,22 EUR;7,12 EUR;https://static.carrefour.es/hd_280x_/img_pim_food/126666_00_1.jpg;https://www.carrefour.es/supermercado/filete-1-a-de-tapa-o-contra-de-anojo-circulo-de-calidad-550-g-aprox-cyo/R-prod1070084/p?prtId=cat20002;1
Jamón cocido extra loncheado Ricura El Pozo sin gluten 300 g;2,55 EUR;2,25 EUR;https://static.carrefour.es/hd_280x_/img_pim_food/987301_00_1.jpg;https://www.carrefour.es/supermercado/jamon-cocido-extra-loncheado-ricura-el-pozo-sin-gluten-300-g/R-844300597/p?prtId=cat20002;1
Filetes 1ªA Cadera o Babilla de Añojo Calidad y Origen Carrefour 500 g aprox;7,47 EUR;6,47 EUR;https://static.carrefour.es/hd_280x_/img_pim_food/842678_00_1.jpg;https://www.carrefour.es/supermercado/filetes-1-a-cadera-o-babilla-de-anojo-calidad-y-origen-carrefour-500-g-aprox-cyo/R-prod840087/p?prtId=cat20002;1
Pincho Moruno de Cerdo Adobado Carrefour El Mercado 340 g;3,57 EUR;3,49 EUR;https://static.carrefour.es/hd_280x_/img_pim_food/058426_00_1.jpg;https://www.carrefour.es/supermercado/pincho-moruno-de-cerdo-adobado-carrefour-el-mercado-340-g-carrefour/R-VC4AECOMM-058426/p?prtId=cat20002;1
Lomo de Vacuno a la Piedra Carrefour El Mercado 500 g aprox;8,24 EUR;6,99 EUR;https://static.carrefour.es/hd_280x_/img_pim_food/133774_00_1.jpg;https://www.carrefour.es/supermercado/lomo-de-vacuno-a-la-piedra-carrefour-el-mercado-500-g-aprox-el-mercado/R-VC4AECOMM-133774/p?prtId=cat20002;1
Preparado de paella de marisco congelado 600 g;4,70 EUR;4,40 EUR;https://static.carrefour.es/hd_280x_/img_pim_food/847583_00_1.jpg;https://www.carrefour.es/supermercado/preparado-de-paella-de-marisco-congelado-600-g-carrefour/R-prod690175/p?prtId=cat20002;1
Entrecot de Vacuno Carrefour El Mercado 500 g aprox;8,24 EUR;6,99 EUR;https://static.carrefour.es/hd_280x_/img_pim_food/133770_00_1.jpg;https://www.carrefour.es/supermercado/entrecot-de-vacuno-carrefour-el-mercado-500-g-aprox-el-mercado/R-VC4AECOMM-133770/p?prtId=cat20002;1
Txistorra de Navarra De Nuestra Tierra 220 g;2,59 EUR;2,05 EUR;https://static.carrefour.es/hd_280x_/img_pim_food/227566_00_1.jpg;https://www.carrefour.es/supermercado/txistorra-de-navarra-de-nuestra-tierra-220-g-de-nuestra-tierra/R-fprod1180425/p?prtId=cat20002;1
Queso fresco Protein Plus Burgo de Arias pack de 6 unidades de 70 g.;6,09 EUR;3,59 EUR;https://static.carrefour.es/hd_280x_/img_pim_food/166270_00_1.jpg;https://www.carrefour.es/supermercado/queso-fresco-protein-plus-burgo-de-arias-pack-de-6-unidades-de-70-g-burgo-de-arias/R-VC4AECOMM-166270/p?prtId=cat20002;1
Rodaballo Círculo de calidad 2 kg aprox;27,90 EUR;24,58 EUR;https://static.carrefour.es/hd_280x_/img_pim_food/395409_00_1.jpg;https://www.carrefour.es/supermercado/rodaballo-circulo-de-calidad-2-kg-aprox-cyo/R-628108409/p?prtId=cat20002;1
Jamón serrano reserva en lonchas Villar sin gluten y sin lactosa 180 g;4,49 EUR;4,30 EUR;https://static.carrefour.es/hd_280x_/img_pim_food/702132_00_1.jpg;https://www.carrefour.es/supermercado/jamon-serrano-reserva-en-lonchas-villar-sin-gluten-y-sin-lactosa-180-g-villar/R-VC4AECOMM-702132/p?prtId=cat20002;1
Queso fresco Burgo de Arias sin lactosa pack 3 unidades de 72 g.;3,19 EUR;1,99 EUR;https://static.carrefour.es/hd_280x_/img_pim_food/055690_00_1.jpg;https://www.carrefour.es/supermercado/queso-fresco-burgo-de-arias-sin-lactosa-pack-3-unidades-de-72-g-burgo-de-arias/R-prod66479/p?prtId=cat20002;1
Queso fresco Original Burgo de Arias pack de 3 unidades de 72 g.;2,89 EUR;1,99 EUR;https://static.carrefour.es/hd_280x_/img_pim_food/020884_00_1.jpg;https://www.carrefour.es/supermercado/queso-fresco-original-burgo-de-arias-pack-de-3-unidades-de-72-g-burgo-de-arias/R-521030553/p?prtId=cat20002;1
Queso fresco Original Burgo de Arias pack de 2 unidades de 230 g.;6,05 EUR;3,59 EUR;https://static.carrefour.es/hd_280x_/img_pim_food/197739_00_1.jpg;https://www.carrefour.es/supermercado/queso-fresco-original-burgo-de-arias-pack-de-2-unidades-de-230-g-burgo-de-arias/R-prod70591/p?prtId=cat20002;1
Chispas de Pollo Empanadas Extra-Crujientes Aldelis 400 g;4,19 EUR;3,79 EUR;https://static.carrefour.es/hd_280x_/img_pim_food/081377_00_1.jpg;https://www.carrefour.es/supermercado/chispas-de-pollo-empanadas-extra-crujientes-aldelis-400-g/R-VC4AECOMM-081377/p?prtId=cat20002;1
Queso fresco sin sal Burgo de Arias pack de 3 unidades de 72 g.;2,99 EUR;1,99 EUR;https://static.carrefour.es/hd_280x_/img_pim_food/304853_00_1.jpg;https://www.carrefour.es/supermercado/queso-fresco-sin-sal-burgo-de-arias-pack-de-3-unidades-de-72-g-burgo-de-arias/R-521030561/p?prtId=cat20002;1
Queso fresco desnatado Burgo de Arias pack de 3 unidades de 72 g.;2,89 EUR;1,99 EUR;https://static.carrefour.es/hd_280x_/img_pim_food/406599_00_1.jpg;https://www.carrefour.es/supermercado/queso-fresco-desnatado-burgo-de-arias-pack-de-3-unidades-de-72-g-burgo-de-arias/R-521030573/p?prtId=cat20002;1
Queso de Mezcla Añejo Carrefour Extra cuña de 350 g;5,79 EUR;3,99 EUR;https://static.carrefour.es/hd_280x_/img_pim_food/687960_00_1.jpg;https://www.carrefour.es/supermercado/queso-de-mezcla-anejo-carrefour-extra-cuna-de-350-g-cyo/R-VC4AECOMM-687960/p?prtId=cat20002;1
Churrasco de Vacuno Carrefour El Mercado 500 g aprox;5,72 EUR;4,47 EUR;https://static.carrefour.es/hd_280x_/img_pim_food/133616_00_1.jpg;https://www.carrefour.es/supermercado/churrasco-de-vacuno-carrefour-el-mercado-500-g-aprox-el-mercado/R-VC4AECOMM-133616/p?prtId=cat20002;1
Maletín de Paleta de Cebo Ibérica 50% Raza Ibérica en lonchas Carrefour El Mercado 10 sobres de 70 g;39,00 EUR;35,00 EUR;https://static.carrefour.es/hd_280x_/img_pim_food/118243_00_1.jpg;https://www.carrefour.es/supermercado/maletin-de-paleta-de-cebo-iberica-50-raza-iberica-en-lonchas-carrefour-el-mercado-10-sobres-de-70-g-carrefour/R-VC4AECOMM-118243/p?prtId=cat20002;1
Leche semidesnatada Central Lechera Asturiana sin lactosa brik 1 l.;1,35 EUR;1,19 EUR;https://static.carrefour.es/hd_280x_/img_pim_food/331600_00_1.jpg;https://www.carrefour.es/supermercado/leche-semidesnatada-central-lechera-asturiana-sin-lactosa-brik-1-l-central-lechera-asturiana/R-670001999/p?prtId=cat20001;2
Leche semidesnatada Président brik 1 l.;1,10 EUR;0,99 EUR;https://static.carrefour.es/hd_280x_/img_pim_food/002785_00_1.jpg;https://www.carrefour.es/supermercado/leche-semidesnatada-president-brik-1-l-president/R-521007081/p?prtId=cat20001;2
Leche desnatada Central Lechera Asturiana sin lactosa brik 1 l.;1,35 EUR;1,19 EUR;https://static.carrefour.es/hd_280x_/img_pim_food/704408_00_1.jpg;https://www.carrefour.es/supermercado/leche-desnatada-central-lechera-asturiana-sin-lactosa-brik-1-l-central-lechera-asturiana/R-736814096/p?prtId=cat20001;2
Leche entera Président brik 1 l.;1,10 EUR;0,99 EUR;https://static.carrefour.es/hd_280x_/img_pim_food/022155_00_1.jpg;https://www.carrefour.es/supermercado/leche-entera-president-brik-1-l-president/R-521006988/p?prtId=cat20001;2
Aceite de oliva virgen extra Coosur garrafa de 5 l.;34,65 EUR;26,95 EUR;https://static.carrefour.es/hd_280x_/img_pim_food/409782_00_1.jpg;https://www.carrefour.es/supermercado/aceite-de-oliva-virgen-extra-coosur-garrafa-de-5-l-coosur/R-fprod1480043/p?prtId=cat20001;2
Aceite de oliva original 0,4º Carbonell 5 l.;41,95 EUR;26,50 EUR;https://static.carrefour.es/hd_280x_/img_pim_food/000015_00_1.jpg;https://www.carrefour.es/supermercado/aceite-de-oliva-original-0-4-carbonell-5-l-carbonell/R-522713382/p?prtId=cat20001;2
Vinagre balsámico de módena Borges 250 ml.;2,25 EUR;1,69 EUR;https://static.carrefour.es/hd_280x_/img_pim_food/241823_00_1.jpg;https://www.carrefour.es/supermercado/vinagre-balsamico-de-modena-borges-250-ml-borges/R-520660396/p?prtId=cat20001;2
Leche desnatada Président brik 1 l.;1,10 EUR;0,99 EUR;https://static.carrefour.es/hd_280x_/img_pim_food/002786_00_1.jpg;https://www.carrefour.es/supermercado/leche-desnatada-president-brik-1-l-president/R-521007083/p?prtId=cat20001;2
Leche desnatada ultrafiltrada Suprema Central Lechera Asturiana sin lactosa brik 1 l.;1,30 EUR;1,24 EUR;https://static.carrefour.es/hd_280x_/img_pim_food/855735_00_1.jpg;https://www.carrefour.es/supermercado/leche-desnatada-ultrafiltrada-suprema-central-lechera-asturiana-sin-lactosa-brik-1-l-central-lechera-asturiana/R-prod730913/p?prtId=cat20001;2
Leche entera Central Lechera Asturiana sin lactosa brik 1 l.;1,35 EUR;1,19 EUR;https://static.carrefour.es/hd_280x_/img_pim_food/231336_00_1.jpg;https://www.carrefour.es/supermercado/leche-entera-central-lechera-asturiana-sin-lactosa-brik-1-l-central-lechera-asturiana/R-prod150291/p?prtId=cat20001;2
Leche semidesnatada con vitaminas A+D Puleva brik 1 l.;1,12 EUR;1,05 EUR;https://static.carrefour.es/hd_280x_/img_pim_food/046176_00_1.jpg;https://www.carrefour.es/supermercado/leche-semidesnatada-con-vitaminas-a-d-puleva-brik-1-l-puleva/R-526715349/p?prtId=cat20001;2
Preparado lácteo crecimiento y desarrollo Puleva Max sin gluten sin lactosa brik 1 l.;1,89 EUR;1,79 EUR;https://static.carrefour.es/hd_280x_/img_pim_food/513189_00_1.jpg;https://www.carrefour.es/supermercado/preparado-lacteo-crecimiento-y-desarrollo-puleva-max-sin-gluten-sin-lactosa-brik-1-l-puleva-max/R-521030178/p?prtId=cat20001;2
Leche entera Puleva brik 1 l.;1,12 EUR;1,05 EUR;https://static.carrefour.es/hd_280x_/img_pim_food/041315_00_1.jpg;https://www.carrefour.es/supermercado/leche-entera-puleva-brik-1-l-puleva/R-526715334/p?prtId=cat20001;2
Aceite de oliva virgen extra ecológico Carrefour Bio 3 l.;22,35 EUR;18,99 EUR;https://static.carrefour.es/hd_280x_/img_pim_food/157983_00_1.jpg;https://www.carrefour.es/supermercado/aceite-de-oliva-virgen-extra-ecologico-carrefour-bio-3-l-carrefour-bio/R-prod1120120/p?prtId=cat20001;2
Cereales corn flakes sin azúcar añadido Carrefour sin gluten 375 g.;2,55 EUR;2,09 EUR;https://static.carrefour.es/hd_280x_/img_pim_food/551317_00_1.jpg;https://www.carrefour.es/supermercado/cereales-corn-flakes-sin-azucar-anadido-carrefour-sin-gluten-375-g-carrefour/R-VC4AECOMM-551317/p?prtId=cat20001;2
Masa de hojaldre Carrefour No gluten sin gluten 280 g.;2,95 EUR;2,35 EUR;https://static.carrefour.es/hd_280x_/img_pim_food/978897_00_1.jpg;https://www.carrefour.es/supermercado/masa-de-hojaldre-carrefour-no-gluten-sin-gluten-280-g-carrefour/R-840600813/p?prtId=cat20001;2
Aceite de oliva suave 0,4º La Masía garrafa 5 l.;32,40 EUR;25,95 EUR;https://static.carrefour.es/hd_280x_/img_pim_food/043143_00_1.jpg;https://www.carrefour.es/supermercado/aceite-de-oliva-suave-0-4-la-masia-garrafa-5-l-la-masia/R-521033467/p?prtId=cat20001;2
Aceite de girasol Koipe Sol 5 l.;18,38 EUR;9,95 EUR;https://static.carrefour.es/hd_280x_/img_pim_food/218021_00_1.jpg;https://www.carrefour.es/supermercado/aceite-de-girasol-koipe-sol-5-l-koipesol/R-546003779/p?prtId=cat20001;2
Pan de molde con semillas Classic Carrefour No Gluten sin gluten 400 g.;3,65 EUR;2,75 EUR;https://static.carrefour.es/hd_280x_/img_pim_food/551376_00_1.jpg;https://www.carrefour.es/supermercado/pan-de-molde-con-semillas-classic-carrefour-no-gluten-sin-gluten-400-g-carrefour/R-VC4AECOMM-551376/p?prtId=cat20001;2
Leche semidesnatada ultrafiltrada Suprema Central Lechera Asturiana sin lactosa brik 1 l.;1,35 EUR;1,24 EUR;https://static.carrefour.es/hd_280x_/img_pim_food/328791_00_1.jpg;https://www.carrefour.es/supermercado/leche-semidesnatada-ultrafiltrada-suprema-central-lechera-asturiana-sin-lactosa-brik-1-l-central-lechera-asturiana/R-VC4AECOMM-328791/p?prtId=cat20001;2
Leche desnatada con vitaminas A+D Puleva brik 1 l.;1,12 EUR;1,05 EUR;https://static.carrefour.es/hd_280x_/img_pim_food/046181_00_1.jpg;https://www.carrefour.es/supermercado/leche-desnatada-con-vitaminas-a-d-puleva-brik-1-l-puleva/R-526715353/p?prtId=cat20001;2
Preparado lácteo con cereales crecimiento y desarrollo Puleva Max brik 1 l.;1,99 EUR;1,79 EUR;https://static.carrefour.es/hd_280x_/img_pim_food/790781_00_1.jpg;https://www.carrefour.es/supermercado/preparado-lacteo-con-cereales-crecimiento-y-desarrollo-puleva-max-brik-1-l-puleva-max/R-521007038/p?prtId=cat20001;2
Hogaza de pan Carrefour No Gluten sin gluten sin lactosa 390 g.;3,85 EUR;3,19 EUR;https://static.carrefour.es/hd_280x_/img_pim_food/434158_00_1.jpg;https://www.carrefour.es/supermercado/hogaza-de-pan-carrefour-no-gluten-sin-gluten-sin-lactosa-390-g-carrefour/R-VC4AECOMM-434158/p?prtId=cat20001;2
Aceite de oliva suave 0,4º Ybarra 1 l.;6,50 EUR;5,29 EUR;https://static.carrefour.es/hd_280x_/img_pim_food/035386_00_1.jpg;https://www.carrefour.es/supermercado/aceite-de-oliva-suave-0-4-ybarra-1-l-ybarra/R-521011925/p?prtId=cat20001;2
Masa de pizza Carrefour No gluten sin gluten 260 g.;3,49 EUR;2,59 EUR;https://static.carrefour.es/hd_280x_/img_pim_food/978894_00_1.jpg;https://www.carrefour.es/supermercado/masa-de-pizza-carrefour-no-gluten-sin-gluten-260-g-carrefour/R-840600809/p?prtId=cat20001;2
Preparado panificable Extra Carrefour No Gluten sin gluten y sin lactosa 820 g.;2,45 EUR;1,79 EUR;https://static.carrefour.es/hd_280x_/img_pim_food/712185_00_1.jpg;https://www.carrefour.es/supermercado/preparado-panificable-extra-carrefour-no-gluten-sin-gluten-y-sin-lactosa-820-g-carrefour/R-VC4AECOMM-712185/p?prtId=cat20001;2
Base de pizza Classic' Carrefour sin gluten pack de 2 bases de 200 g.;3,95 EUR;3,25 EUR;https://static.carrefour.es/hd_280x_/img_pim_food/640083_00_1.jpg;https://www.carrefour.es/supermercado/base-de-pizza-classic-carrefour-sin-gluten-pack-de-2-bases-de-200-g-carrefour/R-VC4AECOMM-640083/p?prtId=cat20001;2
Aceite de oliva intenso 1º La Masía garrafa 5 l.;32,40 EUR;25,95 EUR;https://static.carrefour.es/hd_280x_/img_pim_food/036841_00_1.jpg;https://www.carrefour.es/supermercado/aceite-de-oliva-intenso-1-la-masia-garrafa-5-l-la-masia/R-521028095/p?prtId=cat20001;2
Caldo para paella de pescado Aneto sin gluten y sin lactosa 1 l.;5,65 EUR;5,25 EUR;https://static.carrefour.es/hd_280x_/img_pim_food/726479_00_1.jpg;https://www.carrefour.es/supermercado/caldo-para-paella-de-pescado-aneto-sin-gluten-y-sin-lactosa-1-l-aneto/R-521005821/p?prtId=cat20001;2
Baguette Carrefour Classic' sin gluten sin lactosa 175 g.;2,09 EUR;1,59 EUR;https://static.carrefour.es/hd_280x_/img_pim_food/550295_00_1.jpg;https://www.carrefour.es/supermercado/baguette-carrefour-classic-sin-gluten-sin-lactosa-175-g-carrefour/R-VC4AECOMM-550295/p?prtId=cat20001;2
Aceite de oliva virgen serie oro Coosur 5 l.;33,59 EUR;26,45 EUR;https://static.carrefour.es/hd_280x_/img_pim_food/484294_00_1.jpg;https://www.carrefour.es/supermercado/aceite-de-oliva-virgen-serie-oro-coosur-5-l-coosur/R-VC4AECOMM-484294/p?prtId=cat20001;2
Preparado lácteo crecimiento y desarrollo Puleva Max sin gluten sin lactosa brik 1 l.;1,99 EUR;1,79 EUR;https://static.carrefour.es/hd_280x_/img_pim_food/939273_00_1.jpg;https://www.carrefour.es/supermercado/preparado-lacteo-crecimiento-y-desarrollo-puleva-max-sin-gluten-sin-lactosa-brik-1-l-puleva-max/R-814100171/p?prtId=cat20001;2
Cerveza Estrella Galicia especial pack de 10 latas 33 cl.;8,55 EUR;6,99 EUR;https://static.carrefour.es/hd_280x_/img_pim_food/560160_00_1.jpg;https://www.carrefour.es/supermercado/cerveza-estrella-galicia-especial-pack-de-10-latas-33-cl-estrella-galicia/R-538002290/p?prtId=cat20003;3
Cerveza tostada Mahou 0.0 alcohol pack de 12 latas de 33 cl.;9,85 EUR;7,29 EUR;https://static.carrefour.es/hd_280x_/img_pim_food/124582_00_1.jpg;https://www.carrefour.es/supermercado/cerveza-tostada-mahou-0-0-alcohol-pack-de-12-latas-de-33-cl-mahou/R-prod1060211/p?prtId=cat20003;3
Agua mineral Solán de Cabras natural 5 l.;2,69 EUR;2,09 EUR;https://static.carrefour.es/hd_280x_/img_pim_food/026430_00_1.jpg;https://www.carrefour.es/supermercado/agua-mineral-solan-de-cabras-natural-5-l-solan-de-cabras/R-521028188/p?prtId=cat20003;3
Fanta de limón Zero lata 33 cl.;0,70 EUR;0,62 EUR;https://static.carrefour.es/hd_280x_/img_pim_food/064633_00_1.jpg;https://www.carrefour.es/supermercado/fanta-de-limon-zero-lata-33-cl-fanta-limon-zero/R-520660602/p?prtId=cat20003;3
Cerveza Cruzcampo Pilsen pack de 24 botellas de 25 cl.;10,99 EUR;8,79 EUR;https://static.carrefour.es/hd_280x_/img_pim_food/000147_00_1.jpg;https://www.carrefour.es/supermercado/cerveza-cruzcampo-pilsen-pack-de-24-botellas-de-25-cl-cruzcampo/R-521028271/p?prtId=cat20003;3
Cerveza Heineken Lager pack de 12 latas de 33 cl.;9,69 EUR;7,75 EUR;https://static.carrefour.es/hd_280x_/img_pim_food/537792_00_1.jpg;https://www.carrefour.es/supermercado/cerveza-heineken-lager-pack-de-12-latas-de-33-cl-heineken/R-521034680/p?prtId=cat20003;3
Kombucha de jengibre y limón ecológico Komvida sin gluten botella 25 cl.;2,59 EUR;2,39 EUR;https://static.carrefour.es/hd_280x_/img_pim_food/220853_00_1.jpg;https://www.carrefour.es/supermercado/kombucha-de-jengibre-y-limon-ecologico-komvida-sin-gluten-botella-25-cl-komvida/R-fprod1180208/p?prtId=cat20003;3
Cerveza Cruzcampo Pilsen botella 1 l.;1,83 EUR;1,35 EUR;https://static.carrefour.es/hd_280x_/img_pim_food/242601_00_1.jpg;https://www.carrefour.es/supermercado/cerveza-cruzcampo-pilsen-botella-1-l-cruzcampo/R-fprod1190453/p?prtId=cat20003;3
Tinto de verano con limón La Casera botella 1,5 l.;2,25 EUR;1,99 EUR;https://static.carrefour.es/hd_280x_/img_pim_food/703039_00_1.jpg;https://www.carrefour.es/supermercado/tinto-de-verano-con-limon-la-casera-botella-1-5-l-la-casera/R-520661447/p?prtId=cat20003;3
Refresco de lima-limón Sprite con gas zero botella 2 l.;1,54 EUR;1,19 EUR;https://static.carrefour.es/hd_280x_/img_pim_food/282008_00_1.jpg;https://www.carrefour.es/supermercado/refresco-de-lima-limon-sprite-con-gas-zero-botella-2-l-sprite-zero/R-589802808/p?prtId=cat20003;3
Kombucha de frutos rojos ecológico Komvida sin gluten botella 25 cl.;2,59 EUR;2,39 EUR;https://static.carrefour.es/hd_280x_/img_pim_food/220854_00_1.jpg;https://www.carrefour.es/supermercado/kombucha-de-frutos-rojos-ecologico-komvida-sin-gluten-botella-25-cl-komvida/R-fprod1180207/p?prtId=cat20003;3
Cerveza Heineken Lager 0,0 alcohol pack 12 latas 33 cl.;10,45 EUR;7,75 EUR;https://static.carrefour.es/hd_280x_/img_pim_food/864274_00_1.jpg;https://www.carrefour.es/supermercado/cerveza-heineken-lager-0-0-alcohol-pack-12-latas-33-cl-heineken/R-prod780137/p?prtId=cat20003;3
Cerveza Franziskaner Sefe-Weissbier botella 50 cl.;1,83 EUR;1,19 EUR;https://static.carrefour.es/hd_280x_/img_pim_food/007773_00_1.jpg;https://www.carrefour.es/supermercado/cerveza-franziskaner-sefe-weissbier-botella-50-cl-franziskaner/R-521028250/p?prtId=cat20003;3
Cerveza rubia Heineken Lager pack de 18 latas de 33 cl.;14,40 EUR;11,49 EUR;https://static.carrefour.es/hd_280x_/img_pim_food/516671_00_1.jpg;https://www.carrefour.es/supermercado/cerveza-rubia-heineken-lager-pack-de-18-latas-de-33-cl-heineken/R-725713177/p?prtId=cat20003;3
Cerveza Paulaner Weissbier botella 50 cl.;2,29 EUR;1,75 EUR;https://static.carrefour.es/hd_280x_/img_pim_food/026596_00_1.jpg;https://www.carrefour.es/supermercado/cerveza-paulaner-weissbier-botella-50-cl-paulaner/R-521028220/p?prtId=cat20003;3
Kombucha de té verde ecológico Komvida sin gluten botella 25 cl;2,59 EUR;2,39 EUR;https://static.carrefour.es/hd_280x_/img_pim_food/220258_00_1.jpg;https://www.carrefour.es/supermercado/kombucha-de-te-verde-ecologico-komvida-sin-gluten-botella-25-cl-komvida/R-fprod1180121/p?prtId=cat20003;3
Kombucha piña colada ecológico Komvida 25 cl.;2,75 EUR;2,15 EUR;https://static.carrefour.es/hd_280x_/img_pim_food/045881_00_1.jpg;https://www.carrefour.es/supermercado/kombucha-pina-colada-ecologico-komvida-25-cl-komvida/R-VC4AECOMM-045881/p?prtId=cat20003;3
Cerveza Grimbergen doble ambrée botella 33 cl.;1,89 EUR;1,49 EUR;https://static.carrefour.es/hd_280x_/img_pim_food/008691_00_1.jpg;https://www.carrefour.es/supermercado/cerveza-grimbergen-doble-ambree-botella-33-cl-grimbergen/R-521007959/p?prtId=cat20003;3
Tinto de verano con limón sin alcohol La Casera botella 1,5 l.;2,45 EUR;1,99 EUR;https://static.carrefour.es/hd_280x_/img_pim_food/783159_00_1.jpg;https://www.carrefour.es/supermercado/tinto-de-verano-con-limon-sin-alcohol-la-casera-botella-1-5-l-la-casera/R-774909699/p?prtId=cat20003;3
Cerveza Mahou Maestra tostada doble lúpulo botella 33 cl.;1,49 EUR;1,09 EUR;https://static.carrefour.es/hd_280x_/img_pim_food/969969_00_1.jpg;https://www.carrefour.es/supermercado/cerveza-mahou-maestra-tostada-doble-lupulo-botella-33-cl-mahou-maestra/R-835263264/p?prtId=cat20003;3
Fanta de sandía sin azúcares añadidos lata 33 cl.;0,80 EUR;0,62 EUR;https://static.carrefour.es/hd_280x_/img_pim_food/495399_00_1.jpg;https://www.carrefour.es/supermercado/fanta-de-sandia-sin-azucares-anadidos-lata-33-cl-fanta/R-VC4AECOMM-495399/p?prtId=cat20003;3
Cerveza artesana Carrefour Sensation sin gluten botella 33 cl.;0,99 EUR;0,75 EUR;https://static.carrefour.es/hd_280x_/img_pim_food/573248_00_1.jpg;https://www.carrefour.es/supermercado/cerveza-artesana-carrefour-sensation-sin-gluten-botella-33-cl-carrefour/R-VC4AECOMM-573248/p?prtId=cat20003;3
Cerveza Franziskaner Dunkel botella 50 cl.;1,83 EUR;1,19 EUR;https://static.carrefour.es/hd_280x_/img_pim_food/660345_00_1.jpg;https://www.carrefour.es/supermercado/cerveza-franziskaner-dunkel-botella-50-cl-franziskaner/R-521028238/p?prtId=cat20003;3
Tinto de verano clásico La Casera botella 1,5 l.;2,25 EUR;1,99 EUR;https://static.carrefour.es/hd_280x_/img_pim_food/703029_00_1.jpg;https://www.carrefour.es/supermercado/tinto-de-verano-clasico-la-casera-botella-1-5-l-la-casera/R-520661445/p?prtId=cat20003;3
Cerveza Franziskaner Weissbier sin alcohol botella 50 cl.;1,83 EUR;1,19 EUR;https://static.carrefour.es/hd_280x_/img_pim_food/806031_00_1.jpg;https://www.carrefour.es/supermercado/cerveza-franziskaner-weissbier-sin-alcohol-botella-50-cl-franziskaner/R-629301968/p?prtId=cat20003;3
Cerveza Amstel botella 1 l.;1,66 EUR;1,35 EUR;https://static.carrefour.es/hd_280x_/img_pim_food/000135_00_1.jpg;https://www.carrefour.es/supermercado/cerveza-amstel-botella-1-l-amstel/R-526715238/p?prtId=cat20003;3
Vino tinto crianza Hacienda López de Haro D.O.Ca. Rioja 75 cl.;7,69 EUR;6,95 EUR;https://static.carrefour.es/hd_280x_/img_pim_food/154397_00_1.jpg;https://www.carrefour.es/supermercado/vino-tinto-crianza-hacienda-lopez-de-haro-d-o-ca-rioja-75-cl-hacienda-lopez-de-haro/R-864900565/p?prtId=cat20003;3
Cerveza Heineken silver pack de 12 latas de 33 cl.;10,55 EUR;7,75 EUR;https://static.carrefour.es/hd_280x_/img_pim_food/745122_00_1.jpg;https://www.carrefour.es/supermercado/cerveza-heineken-silver-pack-de-12-latas-de-33-cl-heineken-silver/R-VC4AECOMM-745122/p?prtId=cat20003;3
Distinto con vino de verdejo y limón La Casera botella 1,5 l.;2,45 EUR;1,99 EUR;https://static.carrefour.es/hd_280x_/img_pim_food/254598_00_1.jpg;https://www.carrefour.es/supermercado/distinto-con-vino-de-verdejo-y-limon-la-casera-botella-1-5-l-la-casera/R-fprod1200278/p?prtId=cat20003;3
Cerveza tostada Amstel Oro 0.0 alcohol pack de 6 botellas de 25 cl.;5,29 EUR;3,99 EUR;https://static.carrefour.es/hd_280x_/img_pim_food/166286_00_1.jpg;https://www.carrefour.es/supermercado/cerveza-tostada-amstel-oro-0-0-alcohol-pack-de-6-botellas-de-25-cl-amstel/R-VC4AECOMM-166286/p?prtId=cat20003;3
Green Cola zero azúcar zero cafeína lata 33 cl.;0,93 EUR;0,68 EUR;https://static.carrefour.es/hd_280x_/img_pim_food/005996_00_1.jpg;https://www.carrefour.es/supermercado/green-cola-zero-azucar-zero-cafeina-lata-33-cl-green-cola/R-VC4AECOMM-005996/p?prtId=cat20003;3
Cerveza Mahou Maestra Dunkel lager oscura botella 33 cl.;1,58 EUR;1,09 EUR;https://static.carrefour.es/hd_280x_/img_pim_food/061017_00_1.jpg;https://www.carrefour.es/supermercado/cerveza-mahou-maestra-dunkel-lager-oscura-botella-33-cl-mahou-maestra/R-prod970898/p?prtId=cat20003;3
Tinto de verano clásico sin alcohol La Casera botella 1,5 l.;2,45 EUR;1,99 EUR;https://static.carrefour.es/hd_280x_/img_pim_food/783156_00_1.jpg;https://www.carrefour.es/supermercado/tinto-de-verano-clasico-sin-alcohol-la-casera-botella-1-5-l-la-casera/R-774909695/p?prtId=cat20003;3
Vino rosado joven tempranillo ecológico Coral de Peñascal  V.T. Castilla y León 75 cl.;5,95 EUR;5,05 EUR;https://static.carrefour.es/hd_280x_/img_pim_food/652852_00_1.jpg;https://www.carrefour.es/supermercado/vino-rosado-joven-tempranillo-ecologico-coral-de-penascal-v-t-castilla-y-leon-75-cl-coral-de-penascal/R-VC4AECOMM-652852/p?prtId=cat20003;3
Monster Khaotic Juiced bebida energética lata 50 cl.;1,94 EUR;1,70 EUR;https://static.carrefour.es/hd_280x_/img_pim_food/744226_00_1.jpg;https://www.carrefour.es/supermercado/monster-khaotic-juiced-bebida-energetica-lata-50-cl-monster/R-VC4AECOMM-744226/p?prtId=cat20003;3
Vino tinto tinta de toro Matsu el Recio D.O. Toro 75 cl.;15,99 EUR;14,45 EUR;https://static.carrefour.es/hd_280x_/img_pim_food/154723_00_1.jpg;https://www.carrefour.es/supermercado/vino-tinto-tinta-de-toro-matsu-el-recio-d-o-toro-75-cl-matsu-el-recio/R-864900617/p?prtId=cat20003;3
Vino rosado Peñascal lata 25 cl.;1,85 EUR;1,58 EUR;https://static.carrefour.es/hd_280x_/img_pim_food/059049_00_1.jpg;https://www.carrefour.es/supermercado/vino-rosado-penascal-lata-25-cl-penascal/R-VC4AECOMM-059049/p?prtId=cat20003;3
COCA-COLA zero pack 12 latas 33 cl;9,84 EUR;9,12 EUR;https://s1.dia.es/medias/productimages/h3a/h6e/10996062617630.jpg;https://www.dia.es/compra-online/bebidas/refrescos/p/79802;
COCA-COLA clásica pack 12 latas 33 cl;9,84 EUR;9,12 EUR;https://s0.dia.es/medias/productimages/h7c/h02/11397259558942.jpg;https://www.dia.es/compra-online/bebidas/refrescos/p/30319;
DIA VEGECAMPO champiñones enteros lata 185 gr;1,29 EUR;0,99 EUR;https://s2.dia.es/medias/productimages/h7c/h07/11213910867998.jpg;https://www.dia.es/compra-online/despensa/conservas/conservas-vegetales/p/1302;
LA ESPAÑOLA aceite de oliva suave botella 1 lt;7,95 EUR;6,36 EUR;https://s2.dia.es/medias/productimages/ha8/h70/10676496629790.jpg;https://www.dia.es/compra-online/despensa/aceites-vinagres-y-alinos/aceites/p/1548;
DIA VEGECAMPO champiñones laminados lata 185 gr;0,99 EUR;0,79 EUR;https://s2.dia.es/medias/productimages/h19/hbe/11213908901918.jpg;https://www.dia.es/compra-online/despensa/conservas/conservas-vegetales/p/1666;
AQUARIUS bebida refrescante de limón lata 33 cl;0,85 EUR;0,80 EUR;https://s0.dia.es/medias/productimages/h35/h9b/11397249073182.jpg;https://www.dia.es/compra-online/bebidas/bebidas-isotonicas-y-energeticas/p/5138;
DIA VEGECAMPO alcachofa troceada bolsa 400 gr;2,59 EUR;1,99 EUR;https://s3.dia.es/medias/productimages/hf6/hd5/11368244674590.jpg;https://www.dia.es/compra-online/congelados/verduras-y-hortalizas/p/10242;
DIA VEGECAMPO tomate troceado lata 390 gr;0,89 EUR;0,79 EUR;https://s3.dia.es/medias/productimages/hf2/hee/10978737324062.jpg;https://www.dia.es/compra-online/despensa/salsas/tomate/p/10687;
HEINEKEN cerveza lata 33 cl;0,82 EUR;0,69 EUR;https://s1.dia.es/medias/productimages/h96/hba/11236467245086.jpg;https://www.dia.es/compra-online/bebidas/cervezas/especiales/p/12517;
DIA VEGECAMPO judías verdes cortadas categoría extra frasco 360 gr;1,25 EUR;1,09 EUR;https://s1.dia.es/medias/productimages/h3d/h2b/10689559396382.jpg;https://www.dia.es/compra-online/despensa/conservas/conservas-vegetales/p/13049;
DIA VEGECAMPO tomate triturado lata 780 gr;1,05 EUR;0,85 EUR;https://s2.dia.es/medias/hb6/hea/10600215085086.jpg;https://www.dia.es/compra-online/despensa/salsas/tomate/p/13105;
SAN MIGUEL cerveza lata 33 cl;0,68 EUR;0,56 EUR;https://s2.dia.es/medias/productimages/h92/he2/11410785271838.jpg;https://www.dia.es/compra-online/bebidas/cervezas/nacionales/p/14746;
MAHOU cerveza clásica lata 33 cl;0,69 EUR;0,56 EUR;https://s1.dia.es/medias/h5e/h6f/11407343419422.jpg;https://www.dia.es/compra-online/bebidas/cervezas/nacionales/p/14752;
DIA VEGECAMPO tomate triturado lata 390 gr;0,70 EUR;0,50 EUR;https://s1.dia.es/medias/productimages/hb1/h72/10981175689246.jpg;https://www.dia.es/compra-online/despensa/salsas/tomate/p/326;
DIA VEGECAMPO zanahoria en tiras frasco 180 gr;0,89 EUR;0,59 EUR;https://s3.dia.es/medias/productimages/ha5/h61/10976994000926.jpg;https://www.dia.es/compra-online/despensa/conservas/conservas-vegetales/p/16543;
DIA VEGECAMPO pimientos del piquillo enteros lata 150 gr;1,35 EUR;1,05 EUR;https://s2.dia.es/medias/h33/h24/10565320671262.jpg;https://www.dia.es/compra-online/despensa/conservas/conservas-vegetales/p/17949;
KELLOGGS cereales corn flakes caja 500 gr;2,99 EUR;2,39 EUR;https://s2.dia.es/medias/productimages/h34/hda/11265824653342.jpg;https://www.dia.es/compra-online/despensa/desayunos-y-dulces/cereales/p/19372;
PULEVA leche entera calcio envase 1 lt;1,59 EUR;1,29 EUR;https://s1.dia.es/medias/productimages/hf2/h28/11378911051806.jpg;https://www.dia.es/compra-online/despensa/lacteos-y-huevos/leche/p/27258;
DIA VEGECAMPO champiñón laminado pack 3 latas 315 gr;2,29 EUR;1,79 EUR;https://s1.dia.es/medias/productimages/h4c/h97/11213910212638.jpg;https://www.dia.es/compra-online/despensa/conservas/conservas-vegetales/p/51633;
DIA VEGECAMPO espárragos blancos muy gruesos 6/9 piezas frasco 325 gr;3,29 EUR;2,85 EUR;https://s3.dia.es/medias/ha8/h47/10565315362846.jpg;https://www.dia.es/compra-online/despensa/conservas/conservas-vegetales/p/52958;
DIA VEGECAMPO ensalada china frasco 180 gr;1,19 EUR;0,85 EUR;https://s1.dia.es/medias/productimages/h44/h43/10978735357982.jpg;https://www.dia.es/compra-online/despensa/conservas/conservas-vegetales/p/53199;
RUAVIEJA licor de hierbas botella 70 cl;10,00 EUR;8,99 EUR;https://s2.dia.es/medias/productimages/h24/hec/11358549114910.jpg;https://www.dia.es/compra-online/bodega/licores/de-hierbas/p/55935;
DIA VEGECAMPO acelgas frasco 425 gr;1,55 EUR;1,00 EUR;https://s2.dia.es/medias/productimages/hab/hcb/10978712387614.jpg;https://www.dia.es/compra-online/despensa/conservas/conservas-vegetales/p/57465;
DIA VEGECAMPO cardo frasco 400 gr;1,55 EUR;1,05 EUR;https://s0.dia.es/medias/productimages/h2f/hd9/10978712715294.jpg;https://www.dia.es/compra-online/despensa/conservas/conservas-vegetales/p/57466;
HOJIBLANCA aceite de oliva virgen extra botella 1 lt;8,87 EUR;7,10 EUR;https://s0.dia.es/medias/productimages/hd2/hd8/11362162376734.jpg;https://www.dia.es/compra-online/despensa/aceites-vinagres-y-alinos/aceites/p/57865;
PESCANOVA filetes de merluza baby bolsa 400 gr;5,19 EUR;4,29 EUR;https://s2.dia.es/medias/productimages/hef/hbb/11156693286942.jpg;https://www.dia.es/compra-online/congelados/pescado-y-marisco/p/69089;
DIA SUEÑOS gelatina de fresa pack 6 unidades 100 gr;1,05 EUR;0,84 EUR;https://s0.dia.es/medias/productimages/h76/he9/11216920936478.jpg;https://www.dia.es/compra-online/despensa/lacteos-y-huevos/postres/p/108518;
DIA EL CENCERRO queso fresco tradicional envase  250 gr;1,82 EUR;1,46 EUR;https://s1.dia.es/medias/h44/h50/10521862307870.jpg;https://www.dia.es/compra-online/frescos/charcuteria-y-quesos/quesos/p/115196;
ALHAMBRA cerveza lager singular lata 33 cl;0,85 EUR;0,65 EUR;https://s2.dia.es/medias/productimages/ha4/ha3/11407670378526.jpg;https://www.dia.es/compra-online/bebidas/cervezas/especiales/p/119052;
AQUARIUS bebida refrescante de naranja lata 33 cl;0,85 EUR;0,80 EUR;https://s2.dia.es/medias/productimages/h28/ha7/11397233868830.jpg;https://www.dia.es/compra-online/bebidas/bebidas-isotonicas-y-energeticas/p/21347;
PULEVA leche semidesnatada calcio envase 1 lt;1,59 EUR;1,29 EUR;https://s3.dia.es/medias/productimages/hc3/h31/11378610896926.jpg;https://www.dia.es/compra-online/despensa/lacteos-y-huevos/leche/p/22488;
DIA VEGECAMPO espárragos blancos medianos extra frasco 205 gr;2,00 EUR;1,75 EUR;https://s3.dia.es/medias/h3d/h97/10565315690526.jpg;https://www.dia.es/compra-online/despensa/conservas/conservas-vegetales/p/4118;
DIA VEGECAMPO corazones de alcachofas 8/12 frasco 115 gr;1,45 EUR;1,15 EUR;https://s1.dia.es/medias/productimages/h9d/he6/11058814156830.jpg;https://www.dia.es/compra-online/despensa/conservas/conservas-vegetales/p/100879;
LA ESPAÑOLA aceitunas rellenas de anchoa lata 150 gr;2,19 EUR;1,75 EUR;https://s2.dia.es/medias/productimages/h70/hee/11206542163998.jpg;https://www.dia.es/compra-online/despensa/aperitivos/p/155149;
SELECCIÓN DE DIA filete de pavo al pimentón bandeja (peso aprox. 600 gr);5,39 EUR;4,19 EUR;https://s2.dia.es/medias/h32/h48/10611073646622.jpg;https://www.dia.es/compra-online/frescos/carne/pavo/p/186193;
HUESITOS barrita chocolate pack 10 uds;2,00 EUR;1,60 EUR;https://s3.dia.es/medias/productimages/hbc/h64/11357168402462.jpg;https://www.dia.es/compra-online/despensa/desayunos-y-dulces/chocolates-y-bombones/p/91974;
DIA VEGECAMPO espárragos verdes delgados frasco 100 gr;1,55 EUR;1,19 EUR;https://s3.dia.es/medias/hf0/ha7/10565313069086.jpg;https://www.dia.es/compra-online/despensa/conservas/conservas-vegetales/p/124858;
DIA VEGECAMPO yemas de espárrago muy grueso frasco 110 gr;1,99 EUR;1,59 EUR;https://s1.dia.es/medias/hc0/h49/10565313396766.jpg;https://www.dia.es/compra-online/despensa/conservas/conservas-vegetales/p/135483;
PUERTO DE INDIAS ginebra sabor fresa botella 70 cl;16,45 EUR;15,95 EUR;https://s0.dia.es/medias/h22/h98/11358300995614.jpg;https://www.dia.es/compra-online/bodega/alcoholes/ginebra/p/209537;
MONSTER bebida energética ultra lata 50 cl;1,70 EUR;1,36 EUR;https://s0.dia.es/medias/productimages/hc1/h40/11115331584030.jpg;https://www.dia.es/compra-online/bebidas/bebidas-isotonicas-y-energeticas/p/230828;
SELECCIÓN DE DIA hamburguesas de cerdo y vacuno bandeja 6 uds 540 gr;4,19 EUR;3,19 EUR;https://s1.dia.es/medias/h66/h13/11288248188958.jpg;https://www.dia.es/compra-online/frescos/carne/mixto/p/244789;
AQUARIUS bebida refrescante de naranja zero lata 33 cl;0,85 EUR;0,80 EUR;https://s3.dia.es/medias/productimages/hdf/h7d/11397240094750.jpg;https://www.dia.es/compra-online/bebidas/bebidas-isotonicas-y-energeticas/p/242638;
SELECCIÓN DE DIA solomillo de pollo bandeja (peso aprox. 500 gr);4,50 EUR;3,50 EUR;https://s2.dia.es/medias/h48/ha0/10612575404062.jpg;https://www.dia.es/compra-online/frescos/carne/pollo/p/261354;
MONSTER bebida energética mango loco lata 50 cl;1,70 EUR;1,36 EUR;https://s1.dia.es/medias/productimages/ha0/hc7/11240176877598.jpg;https://www.dia.es/compra-online/bebidas/bebidas-isotonicas-y-energeticas/p/261395;
DIA VEGECAMPO corazones de alcachofa 10/14 frasco 165 gr;1,95 EUR;1,45 EUR;https://s0.dia.es/medias/productimages/h0b/h96/11013685936158.jpg;https://www.dia.es/compra-online/despensa/conservas/conservas-vegetales/p/264288;
DIA VEGECAMPO tallo de espárrago blanco lata 250 gr;1,35 EUR;1,05 EUR;https://s3.dia.es/medias/h11/h8e/10565321326622.jpg;https://www.dia.es/compra-online/despensa/conservas/conservas-vegetales/p/264140;
DIA MARI MARINERA gambas medianas 70/90 piezas bolsa 350 gr;4,99 EUR;3,99 EUR;https://s0.dia.es/medias/productimages/hea/hbf/11149925580830.jpg;https://www.dia.es/compra-online/congelados/pescado-y-marisco/p/269059;
DELICIAS DE DIA espárragos blancos IGP Navarra frasco 205 gr;4,35 EUR;3,25 EUR;https://s1.dia.es/medias/productimages/h11/hd7/10806103801886.jpg;https://www.dia.es/compra-online/despensa/conservas/conservas-vegetales/p/275610;
MONSTER bebida energética ultra fiesta mango lata 50 cl;1,70 EUR;1,36 EUR;https://s3.dia.es/medias/productimages/hb2/hdf/11240177532958.jpg;https://www.dia.es/compra-online/bebidas/bebidas-isotonicas-y-energeticas/p/274678;
MONSTER bebida energética Mule lata 50 cl;1,70 EUR;1,36 EUR;https://s2.dia.es/medias/productimages/hcf/he4/11248000532510.jpg;https://www.dia.es/compra-online/bebidas/bebidas-isotonicas-y-energeticas/p/273079;
VALDERIVERO vino tinto roble DO Ribera del Duero botella 75 cl;6,99 EUR;5,59 EUR;https://s1.dia.es/medias/productimages/ha2/h31/11368272986142.jpg;https://www.dia.es/compra-online/bodega/vino/tinto/p/274261;
FEDERICO PATERNINA vino tinto 12 meses banda azul DO Rioja botella 75 cl;6,89 EUR;4,99 EUR;https://s1.dia.es/medias/productimages/hed/hff/11220343291934.jpg;https://www.dia.es/compra-online/bodega/vino/tinto/p/137100;
RUAVIEJA licor de crema de orujo botella 70 cl;11,59 EUR;11,50 EUR;https://s0.dia.es/medias/hca/hbf/11380799799326.jpg;https://www.dia.es/compra-online/bodega/licores/cremas/p/137105;
DIA SUEÑOS gelatina de fresa, limón y multifruta pack 6 unidades 100 gr;1,05 EUR;0,84 EUR;https://s2.dia.es/medias/productimages/h8e/h44/11216922574878.jpg;https://www.dia.es/compra-online/despensa/lacteos-y-huevos/postres/p/139596;
MONSTER bebida energética absolutely zero lata 50 cl;1,70 EUR;1,36 EUR;https://s1.dia.es/medias/productimages/hc8/hac/10680979718174.jpg;https://www.dia.es/compra-online/bebidas/bebidas-isotonicas-y-energeticas/p/141191;
MONSTER bebida energética green lata 50 cl;1,70 EUR;1,36 EUR;https://s3.dia.es/medias/productimages/h66/h47/11272823537694.jpg;https://www.dia.es/compra-online/bebidas/bebidas-isotonicas-y-energeticas/p/141190;
EL MOLINO DE DIA regañás con aceite de oliva virgen extra bolsa 150 gr;1,49 EUR;1,19 EUR;https://s0.dia.es/medias/productimages/hb8/hb9/10815701549086.jpg;https://www.dia.es/compra-online/despensa/pan/picos-de-pan/p/166048;
DANONE ACTIVIA bífidus natural pack 8 unidades 120 gr;3,99 EUR;3,79 EUR;https://s3.dia.es/medias/productimages/h12/h4e/11394550562846.jpg;https://www.dia.es/compra-online/despensa/lacteos-y-huevos/yogures/p/117865;
VEGA DEL BARÓN vino blanco verdejo DO Rueda botella 75 cl;2,19 EUR;1,69 EUR;https://s1.dia.es/medias/h49/hdc/10738843811870.jpg;https://www.dia.es/compra-online/bodega/vino/blanco/p/127644;
AQUARIUS bebida refrescante de limón zero lata 33 cl;0,85 EUR;0,80 EUR;https://s0.dia.es/medias/productimages/he0/hed/11397235179550.jpg;https://www.dia.es/compra-online/bebidas/bebidas-isotonicas-y-energeticas/p/145040;
VEGA DEL BARÓN vino blanco verdejo viura DO Rueda botella 75 cl;1,99 EUR;1,59 EUR;https://s2.dia.es/medias/h6d/h54/10358392782878.jpg;https://www.dia.es/compra-online/bodega/vino/blanco/p/26585;
RUAVIEJA licor de crema de orujo light botella 70 cl;12,79 EUR;11,50 EUR;https://s1.dia.es/medias/productimages/hdb/h02/10902587834398.jpg;https://www.dia.es/compra-online/bodega/licores/cremas/p/282424;
DELICIAS DE DIA pimientos de piquillo D.O.P Lodosa frasco 220 gr;3,39 EUR;2,69 EUR;https://s3.dia.es/medias/productimages/h99/h0c/10978749513758.jpg;https://www.dia.es/compra-online/despensa/conservas/conservas-vegetales/p/278703;
DIA VEGECAMPO corazones de alcachofa 10/12 lata 240 gr;1,79 EUR;1,45 EUR;https://s0.dia.es/medias/productimages/h33/hca/11067851898910.jpg;https://www.dia.es/compra-online/despensa/conservas/conservas-vegetales/p/276527;
EL MOLINO DE DIA biscotes paquete 540 gr;1,85 EUR;1,45 EUR;https://s1.dia.es/medias/productimages/hd0/h83/11139439198238.jpg;https://www.dia.es/compra-online/despensa/pan/biscotes/p/279208;
EL MOLINO DE DIA biscotes integrales paquete 540 gr;1,95 EUR;1,49 EUR;https://s2.dia.es/medias/productimages/hc5/h8e/11139439525918.jpg;https://www.dia.es/compra-online/despensa/pan/biscotes/p/279209;
MONSTER bebida energética ultra watermelon lata 50 cl;1,89 EUR;1,36 EUR;https://s3.dia.es/medias/productimages/h4c/hd1/11394336063518.jpg;https://www.dia.es/compra-online/bebidas/bebidas-isotonicas-y-energeticas/p/287462;
MONSTER bebida energética zero azúcar Hamilton lata 50 cl;1,79 EUR;1,36 EUR;https://s1.dia.es/medias/productimages/h60/h66/11379693223966.jpg;https://www.dia.es/compra-online/bebidas/bebidas-isotonicas-y-energeticas/p/293743;
